<xml xmlns:v="urn:schemas-microsoft-com:vml"
 xmlns:o="urn:schemas-microsoft-com:office:office"
 xmlns:p="urn:schemas-microsoft-com:office:powerpoint"
 xmlns:oa="urn:schemas-microsoft-com:office:activation">
 <p:presentation sizeof="screen" gridspacingx="49152" gridspacingy="49152">
  <p:master id="3" slidesn="1C8D209,6622BB70" type="main" href="master03.htm"
   xmlhref="master03.xml" template="Default Design" layout="title_body"
   slots="title,body,dateTime,footer,slideNumber">
   <p:schemes>
    <p:colorscheme
     colors="#FFFFFF,#000000,#808080,#000000,#BBE0E3,#333399,#009999,#99CC00"/>
    <p:colorscheme
     colors="#FFFFFF,#000000,#969696,#000000,#FBDF53,#FF9966,#CC3300,#996600"/>
    <p:colorscheme
     colors="#FFFFFF,#000000,#808080,#000000,#99CCFF,#CCCCFF,#3333CC,#AF67FF"/>
    <p:colorscheme
     colors="#DEF6F1,#000000,#969696,#000000,#FFFFFF,#8DC6FF,#0066CC,#00A800"/>
    <p:colorscheme
     colors="#FFFFD9,#000000,#777777,#000000,#FFFFF7,#33CCCC,#FF5050,#FF9900"/>
    <p:colorscheme
     colors="#008080,#FFFFFF,#005A58,#FFFF99,#006462,#6D6FC7,#00FFFF,#00FF00"/>
    <p:colorscheme
     colors="#800000,#FFFFFF,#5C1F00,#DFD293,#CC3300,#BE7960,#FFFF99,#D3A219"/>
    <p:colorscheme
     colors="#000099,#FFFFFF,#003366,#CCFFFF,#3366CC,#00B000,#66CCFF,#FFE701"/>
    <p:colorscheme
     colors="#000000,#FFFFFF,#336699,#E3EBF1,#003399,#468A4B,#66CCFF,#F0E500"/>
    <p:colorscheme
     colors="#686B5D,#FFFFFF,#777777,#D1D1CB,#909082,#809EA8,#FFCC66,#E9DCB9"/>
    <p:colorscheme
     colors="#666699,#FFFFFF,#3E3E5C,#FFFFFF,#60597B,#6666FF,#99CCFF,#FFFF99"/>
    <p:colorscheme
     colors="#523E26,#FFFFFF,#2D2015,#DFC08D,#8C7B70,#8F5F2F,#CCB400,#8C9EA0"/>
   </p:schemes>
  </p:master>
  <p:slide id="2" slidesn="1C8D01F,5C84F4C0" href="slide0002.htm"
   layout="title_body" slots="title,body"/>
  <p:viewstate type="slideView" restoredleft="156" restoredtop="946"
   hideoutlineicons="t"/>
  <p:pptdocumentsettings framecolors="WhiteTextOnBlack" hideslideanimation="t"
   browsersupport="v4"/>
 </p:presentation>
 <o:shapedefaults v:ext="edit" spidmax="3101"/>
</xml>